{
  "mean_rank": 540.5229141282102,
  "hits@k": {
    "1": 0.007606496871044444,
    "3": 0.017813556047145296,
    "5": 0.027403499225154674,
    "10": 0.04815082078399363
  }
}