{
  "has_disease": [
    -0.5079547166824341,
    -0.4620853364467621,
    -0.6250134706497192,
    0.7216756939888,
    -0.5484581589698792,
    -0.6261335611343384,
    -0.6800020337104797,
    -0.5387767553329468,
    -0.5795421600341797,
    0.6613690257072449,
    0.5911884307861328,
    0.5895807147026062,
    -0.5498980283737183,
    -0.5394762754440308,
    0.6154212951660156,
    0.7400659918785095,
    0.5508170127868652,
    0.6981415748596191,
    -0.5972502827644348,
    0.59670090675354,
    -0.4505295157432556,
    0.614243745803833,
    -0.49924343824386597,
    0.45129767060279846,
    -0.5749257206916809,
    -0.7678574919700623,
    -0.6624821424484253,
    -0.6934740543365479,
    -0.7244306206703186,
    -0.6324713826179504,
    -0.6910360455513,
    0.5871099233627319,
    -0.4524304270744324,
    0.27841126918792725,
    -0.6069998741149902,
    0.6292298436164856,
    -0.5588769912719727,
    -0.5560039281845093,
    -0.6373777985572815,
    -0.5856690406799316,
    0.558017373085022,
    -0.5328012108802795,
    -0.6497094631195068,
    -0.8614829778671265,
    -0.7431160807609558,
    0.678977906703949,
    0.5377581715583801,
    -0.6152282953262329,
    -0.45748740434646606,
    0.691132664680481
  ],
  "has_side_effect": [
    0.6033715009689331,
    0.5621389746665955,
    -0.5816681981086731,
    0.6456356048583984,
    -0.6979676485061646,
    -0.6525768041610718,
    -0.6333439350128174,
    0.657062828540802,
    0.6588295698165894,
    0.6035634279251099,
    0.6109906435012817,
    -0.7170184254646301,
    -0.7273187637329102,
    0.6827701330184937,
    0.6277323961257935,
    0.7307494878768921,
    -0.6616796255111694,
    0.6183549165725708,
    -0.5872617363929749,
    0.5998154878616333,
    0.661322832107544,
    -0.6890658736228943,
    0.5979520678520203,
    -0.6109806299209595,
    -0.5762145519256592,
    -0.6721722483634949,
    -0.6903313398361206,
    -0.7160785794258118,
    -0.7569445371627808,
    -0.6566561460494995,
    0.8026559352874756,
    0.6848962306976318,
    0.6181706190109253,
    0.6611394882202148,
    -0.6045112609863281,
    0.6654508113861084,
    0.7560498714447021,
    0.5821526050567627,
    -0.5805697441101074,
    -0.702063262462616,
    -0.6495459079742432,
    0.6005556583404541,
    -0.6312962770462036,
    -0.6905790567398071,
    -0.7516531944274902,
    -0.5861982107162476,
    -0.6983693838119507,
    -0.5796898603439331,
    0.6810441017150879,
    0.6500904560089111
  ],
  "has_target": [
    -0.20821243524551392,
    0.10429820418357849,
    -0.11377731710672379,
    0.06532752513885498,
    0.21680960059165955,
    -0.032958194613456726,
    -0.01438867300748825,
    -0.18752169609069824,
    -0.3231057822704315,
    0.2850969731807709,
    0.0940295159816742,
    0.27695709466934204,
    0.26089411973953247,
    -0.2390870600938797,
    -0.111188143491745,
    -0.08464865386486053,
    0.1908225417137146,
    0.008660957217216492,
    -0.05038890242576599,
    0.04158207029104233,
    -0.23805539309978485,
    0.34741276502609253,
    -0.2485000491142273,
    0.22343721985816956,
    -0.003009498119354248,
    -0.035683780908584595,
    0.16783465445041656,
    -0.07895532995462418,
    0.032260291278362274,
    -0.1126394122838974,
    -0.23466993868350983,
    -0.03677132725715637,
    -0.2640829086303711,
    -0.08715415745973587,
    -0.030017033219337463,
    0.047111958265304565,
    -0.12686368823051453,
    -0.2470395416021347,
    -0.07853700965642929,
    -0.05720672011375427,
    0.26330554485321045,
    0.15978722274303436,
    0.0267045721411705,
    -0.07174046337604523,
    0.02430109679698944,
    -0.225511372089386,
    0.2707582116127014,
    -0.12411540746688843,
    0.1045459508895874,
    0.40153729915618896
  ]
}