{
  "mean_rank": 828.4359805510535,
  "hits@k": {
    "1": 0.026472177201512695,
    "3": 0.151269584008644,
    "5": 0.44624527282549975,
    "10": 0.4959481361426256
  }
}