{
  "mean_rank": 596.3547712933754,
  "hits@k": {
    "1": 0.006979495268138802,
    "3": 0.021914432176656153,
    "5": 0.03530165615141956,
    "10": 0.06269716088328076
  }
}