{
  "mean_rank": 423.74294687200035,
  "hits@k": {
    "1": 0.015483494011101374,
    "3": 0.056230263066371744,
    "5": 0.08901617906876452,
    "10": 0.151729198836999
  }
}