{
  "has_annotation": [
    -0.2744297981262207,
    0.3800608217716217,
    -0.092778779566288,
    -0.3590860068798065,
    -0.33585894107818604,
    0.34920260310173035,
    0.4775903820991516,
    -0.37586867809295654,
    -0.22863636910915375,
    0.3570118248462677,
    -0.1983720064163208,
    -0.4480408728122711,
    -0.1705494076013565,
    0.34612810611724854,
    -0.33466553688049316,
    -0.5031466484069824,
    0.3930782973766327,
    -0.3400903046131134,
    -0.4588044285774231,
    -0.49028122425079346,
    -0.39576759934425354,
    -0.3741799294948578,
    0.18075789511203766,
    -0.45320606231689453,
    -0.14072182774543762,
    -0.32456180453300476,
    0.27345630526542664,
    -0.24385523796081543,
    0.5185155272483826,
    0.1904831826686859,
    0.4081486761569977,
    0.2916813790798187,
    0.3260078728199005,
    0.31675323843955994,
    -0.23955999314785004,
    0.5179803967475891,
    0.3149566054344177,
    -0.6777065992355347,
    -0.2907819151878357,
    -0.12356970459222794,
    0.5562083721160889,
    -0.42320486903190613,
    0.2984884977340698,
    -0.2869645357131958,
    -0.3545444905757904,
    0.36136043071746826,
    0.22024989128112793,
    -0.2405325472354889,
    -0.2719002664089203,
    -0.596124529838562
  ],
  "links_with": [
    0.01917886734008789,
    -0.034446489065885544,
    0.014820984564721584,
    -0.7550587058067322,
    -0.04089557006955147,
    -0.07403701543807983,
    -0.00019577518105506897,
    0.7915520668029785,
    0.0005515763186849654,
    0.7618899941444397,
    -0.0003929448139388114,
    -0.005782796069979668,
    0.00765429250895977,
    -0.0047223009169101715,
    0.23399411141872406,
    0.05218030512332916,
    -0.7656852602958679,
    -0.7554225325584412,
    0.6169983744621277,
    -0.016125407069921494,
    0.833265483379364,
    0.017836999148130417,
    -0.014483719132840633,
    -0.000875829195138067,
    -0.6826059222221375,
    -0.04146537184715271,
    -0.001398621592670679,
    -0.031225766986608505,
    0.7833712100982666,
    -0.027951441705226898,
    0.1579839587211609,
    -0.001705129980109632,
    -0.0007146347197704017,
    0.001292407512664795,
    0.050162021070718765,
    0.020430773496627808,
    0.8148491978645325,
    -0.0035784589126706123,
    -0.673395037651062,
    0.7301599383354187,
    0.6150670051574707,
    0.8354699015617371,
    0.6866000294685364,
    0.004350162111222744,
    -0.7636656761169434,
    0.7435840368270874,
    -0.007244570646435022,
    0.0019161475356668234,
    0.046449389308691025,
    -0.10205673426389694
  ]
}