{
  "mean_rank": 1652.6461884102882,
  "hits@k": {
    "1": 0.0044158661295320735,
    "3": 0.028044623489308956,
    "5": 0.043461419274868296,
    "10": 0.06786488999070343
  }
}