{
  "has_disease": [
    -0.014240951277315617,
    0.031013688072562218,
    -0.017248086631298065,
    0.01560710184276104,
    0.026463301852345467,
    -0.027239471673965454,
    -0.3748723864555359,
    0.02812248468399048,
    -0.023283394053578377,
    0.02397751808166504,
    0.027398495003581047,
    -0.03942328318953514,
    0.6806447505950928,
    0.12856440246105194,
    0.05516183376312256,
    -0.01912904530763626,
    -0.36283233761787415,
    -0.4128555953502655,
    -0.208926722407341,
    0.009786834008991718
  ],
  "has_side_effect": [
    0.007380218710750341,
    0.0050819627940654755,
    0.004517341963946819,
    -0.0013580304803326726,
    -0.002345129381865263,
    0.5822358131408691,
    0.01832551881670952,
    -0.3577442765235901,
    0.006876297295093536,
    -0.31288883090019226,
    -0.2137593924999237,
    0.013923652470111847,
    0.023609988391399384,
    -0.0064101614989340305,
    -0.6171265244483948,
    0.00043919708696193993,
    -0.002318299375474453,
    -0.013269278220832348,
    0.006407568231225014,
    0.0035549476742744446
  ],
  "has_target": [
    -0.009996382519602776,
    -0.006953923963010311,
    -0.010772313922643661,
    -0.27833014726638794,
    0.010394730605185032,
    0.4200824797153473,
    -0.7715163826942444,
    0.1977829933166504,
    0.008438341319561005,
    0.010197539813816547,
    -0.0002636194112710655,
    0.023306233808398247,
    5.391828381107189e-05,
    0.007210326846688986,
    0.015191864222288132,
    -0.00027393424534238875,
    0.003995068836957216,
    -0.3290192484855652,
    0.0004774847184307873,
    0.003502765903249383
  ],
  "interacts_with": [
    0.002051915740594268,
    0.0005666593206115067,
    -0.003651303006336093,
    -0.18459928035736084,
    0.0005354025051929057,
    -0.02711588703095913,
    -0.0015415495727211237,
    -0.004567207768559456,
    0.0012159657198935747,
    -0.0004664698208216578,
    0.0007878391188569367,
    0.0005386009579524398,
    -0.26869988441467285,
    0.00046744305291213095,
    -0.16230769455432892,
    0.5530426502227783,
    0.0005722071509808302,
    -0.016562428325414658,
    -0.004520721267908812,
    -0.013373100198805332
  ]
}