{
  "mean_rank": 924.399364735048,
  "hits@k": {
    "1": 0.0044158661295320735,
    "3": 0.05678648899907034,
    "5": 0.0890145646110939,
    "10": 0.1330957545708088
  }
}