{
  "has_disease": [
    -0.1367381513118744,
    0.22046658396720886,
    0.15113765001296997,
    0.6852163076400757,
    -0.155521422624588,
    0.13917328417301178,
    -0.015491269528865814,
    0.11898410320281982,
    0.6977123022079468,
    0.505710244178772,
    0.04270506650209427,
    -0.28542405366897583,
    0.16136661171913147,
    0.1936981976032257,
    -0.1605156511068344,
    -0.18092724680900574,
    0.14271223545074463,
    0.036247581243515015,
    -0.6105394959449768,
    -0.24493107199668884,
    -0.31180036067962646,
    0.7126256227493286,
    0.23266446590423584,
    0.1554805040359497,
    -0.2117544710636139,
    0.056225284934043884,
    -0.015133582055568695,
    -0.07063266634941101,
    0.2040024995803833,
    0.6595941781997681,
    -0.04240633547306061,
    -0.07820738852024078,
    0.14304029941558838,
    0.5143771171569824,
    -0.0628514215350151,
    0.21379345655441284,
    0.1897698938846588,
    0.08287334442138672,
    0.6656988859176636,
    -0.578641414642334,
    0.09062410891056061,
    0.5346640348434448,
    -0.04893943667411804,
    0.23577451705932617,
    0.26706528663635254,
    -0.07874193787574768,
    0.1749120056629181,
    -0.06243693828582764,
    -0.014562562108039856,
    0.11911698430776596
  ],
  "has_side_effect": [
    0.17885085940361023,
    0.1726103127002716,
    -0.14226052165031433,
    0.06254735589027405,
    0.08396296948194504,
    0.04640638083219528,
    -0.44245508313179016,
    -0.36212387681007385,
    -0.00044771283864974976,
    0.4897860288619995,
    0.01982441544532776,
    -0.11444627493619919,
    0.02994483709335327,
    0.1879020631313324,
    -0.14130255579948425,
    -0.1933996081352234,
    0.07860758900642395,
    -0.12673789262771606,
    -0.6427536606788635,
    -0.20114624500274658,
    -0.45503759384155273,
    0.05151335150003433,
    -0.08314065635204315,
    -0.17583350837230682,
    -0.24222737550735474,
    -0.02536342293024063,
    -0.21977606415748596,
    0.1712820827960968,
    0.06053823232650757,
    0.6054081916809082,
    -0.2086281180381775,
    0.25343671441078186,
    0.1440475881099701,
    0.6911292672157288,
    -0.1064499095082283,
    -0.07837167382240295,
    -0.0022951364517211914,
    0.031249195337295532,
    0.6148502826690674,
    -0.0612557977437973,
    0.7195219993591309,
    0.7020887136459351,
    0.24588102102279663,
    -0.15769535303115845,
    0.06922763586044312,
    0.056007713079452515,
    -0.22399824857711792,
    0.1357802450656891,
    -0.24218419194221497,
    0.21919968724250793
  ],
  "has_target": [
    -0.22024911642074585,
    0.06332498788833618,
    0.11848863959312439,
    0.21009483933448792,
    -0.7182002067565918,
    0.04386220872402191,
    0.18618696928024292,
    0.23266765475273132,
    0.6877697110176086,
    0.04288799315690994,
    -0.044668346643447876,
    -0.08824247121810913,
    0.12029516696929932,
    0.03173893690109253,
    -0.025055423378944397,
    0.05599183589220047,
    0.040004223585128784,
    0.022959113121032715,
    -0.059386998414993286,
    -0.031855255365371704,
    0.05732661485671997,
    0.720077633857727,
    0.21470892429351807,
    0.20989394187927246,
    0.0842081606388092,
    0.15822753310203552,
    0.10100993514060974,
    -0.14419224858283997,
    0.16921311616897583,
    0.11433073878288269,
    0.08331170678138733,
    -0.1539563536643982,
    -0.037496358156204224,
    -0.37979811429977417,
    0.06917977333068848,
    0.1968396008014679,
    0.1563793420791626,
    0.1321137249469757,
    -0.026135139167308807,
    -0.06727755069732666,
    -0.7129796743392944,
    -0.022013090550899506,
    -0.09960001707077026,
    0.1418146789073944,
    0.08135047554969788,
    -0.2503873407840729,
    0.13692200183868408,
    -0.11658093333244324,
    0.22771918773651123,
    -0.16239705681800842
  ],
  "interacts_with": [
    -0.07125382870435715,
    -0.014074459671974182,
    0.019596487283706665,
    -0.08540764451026917,
    0.12738841772079468,
    0.04426031559705734,
    -0.009318098425865173,
    -0.05645613372325897,
    -0.5478598475456238,
    0.04301244765520096,
    0.03023737668991089,
    -0.0764893889427185,
    0.034224316477775574,
    -0.012161694467067719,
    -0.06279189884662628,
    -0.020034313201904297,
    -0.0970192477107048,
    -0.13635742664337158,
    -0.6817576885223389,
    -0.0804486870765686,
    0.6574163436889648,
    -0.059152036905288696,
    -0.5547417402267456,
    0.01018553227186203,
    -0.07750524580478668,
    0.0025903210043907166,
    -0.022176824510097504,
    -0.01232638955116272,
    -0.04375412315130234,
    -0.013478480279445648,
    -0.08125191181898117,
    -0.03591977804899216,
    0.05592308193445206,
    0.6730796694755554,
    -0.0052040740847587585,
    -0.041581891477108,
    -0.6981505155563354,
    0.05773515999317169,
    0.1042376458644867,
    -0.7116205096244812,
    0.005449220538139343,
    0.13690531253814697,
    0.009976901113986969,
    0.031299322843551636,
    0.011952176690101624,
    0.0057312846183776855,
    0.031724050641059875,
    -0.08246796578168869,
    -0.04024655371904373,
    -0.042522259056568146
  ]
}