{
  "mean_rank": 714.7383956957691,
  "hits@k": {
    "1": 0.06583516752262167,
    "3": 0.11482024944974321,
    "5": 0.14602592320860847,
    "10": 0.2000489117143556
  }
}