{
  "mean_rank": 692.8676912614757,
  "hits@k": {
    "1": 0.0015391590162076392,
    "3": 0.004302391476821943,
    "5": 0.007030488495976425,
    "10": 0.01344327326306245
  }
}