{
  "mean_rank": 671.9293966876971,
  "hits@k": {
    "1": 0.0048501577287066245,
    "3": 0.016029179810725554,
    "5": 0.026557570977917982,
    "10": 0.05004929022082019
  }
}