{
  "mean_rank": 620.5070978580428,
  "hits@k": {
    "1": 0.0002729945401091978,
    "3": 0.015581688366232676,
    "5": 0.03368332633347333,
    "10": 0.07587148257034859
  }
}